ac,power_consumed
ac_5,2079.2480302615227
ac_10,2248.9585831931417
ac_1,3478.9068302571204
ac_4,3502.671224515644
ac_11,3521.177549618372
ac_6,3684.2152742186145
ac_8,3726.547549399126
ac_3,3755.354670845412
ac_12,3948.1738346684733
ac_16,4094.9297371264747
ac_14,4266.270368760289
ac_7,4359.073171593358
ac_9,4653.347653051402
ac_2,5653.8050515698405
ac_15,5915.597665537789
ac_17,6173.286027912554
ac_13,6257.646671565171
ac_18,9457.707373609697
